<?xml version="1.0" encoding="utf-8" ?>
<dwsync>
<file name="jquery.ui.datepicker.css" server="C:/wamp/www/_192CTS/" local="129116225480000000" remote="129116225480000000" />
<file name="jquery.ui.base.css" server="C:/wamp/www/_192CTS/" local="129164756240000000" remote="129164756240000000" />
<file name="jquery.ui.theme.css" server="C:/wamp/www/_192CTS/" local="129116225480000000" remote="129116225480000000" />
<file name="Local.css" server="C:/wamp/www/_192CTS/" local="129173782241718750" remote="129173782240000000" />
<file name="jquery.ui.all.css" server="C:/wamp/www/_192CTS/" local="129116225480000000" remote="129116225480000000" />
<file name="demos.css" server="C:/wamp/www/_192CTS/" local="128892648380000000" remote="128892648380000000" />
<file name="SpryMenuBarHorizontal.css" server="C:/wamp/www/_192CTS/" local="129159256182031250" remote="129159256180000000" />
<file name="SpryMenuBarVertical.css" server="C:/wamp/www/_192CTS/" local="129159256182500000" remote="129159256180000000" />
<file name="jquery.ui.core.css" server="C:/wamp/www/_192CTS/" local="129116225480000000" remote="129116225480000000" />
<file name="jquery.ui.resizable.css" server="C:/wamp/www/_192CTS/" local="129116225480000000" remote="129116225480000000" />
<file name="jquery.ui.accordion.css" server="C:/wamp/www/_192CTS/" local="129116225480000000" remote="129116225480000000" />
<file name="jquery.ui.autocomplete.css" server="C:/wamp/www/_192CTS/" local="129135797380000000" remote="129135797380000000" />
<file name="jquery.ui.button.css" server="C:/wamp/www/_192CTS/" local="129135797380000000" remote="129135797380000000" />
<file name="jquery.ui.dialog.css" server="C:/wamp/www/_192CTS/" local="129135797380000000" remote="129135797380000000" />
<file name="jquery.ui.slider.css" server="C:/wamp/www/_192CTS/" local="129116225480000000" remote="129116225480000000" />
<file name="jquery.ui.tabs.css" server="C:/wamp/www/_192CTS/" local="129116225480000000" remote="129116225480000000" />
<file name="jquery.ui.progressbar.css" server="C:/wamp/www/_192CTS/" local="129116225480000000" remote="129116225480000000" />
<file name="Local.css" server="C:/wamp/www/" local="129173782241718750" remote="129173782240000000" />
<file name="ajaxfileupload.css" server="C:/wamp/www/_192CTS/" local="129159255982812500" remote="129159255980000000" />
<file name="Local.css" server="C:/wamp/www/CTS/" local="129173782260000000" remote="129173782260000000" />
<file name="global.css" server="C:/wamp/www/CTS/" local="129072843060000000" remote="129072843060000000" />
<file name="SpryMenuBarHorizontal.css" server="C:/wamp/www/CTS/" local="129159256200000000" remote="129159256200000000" />
<file name="SpryMenuBarVertical.css" server="C:/wamp/www/CTS/" local="129159256200000000" remote="129159256200000000" />
<file name="print.css" server="C:/wamp/www/CTS/" local="129107565360000000" remote="129107565360000000" />
<file name="media.css" server="C:/wamp/www/CTS/" local="129107565300000000" remote="129107565300000000" />
<file name="jquery.ui.core.css" server="C:/wamp/www/CTS/" local="129116225480000000" remote="129116225480000000" />
<file name="jquery.ui.resizable.css" server="C:/wamp/www/CTS/" local="129116225480000000" remote="129116225480000000" />
<file name="jquery.ui.accordion.css" server="C:/wamp/www/CTS/" local="129116225480000000" remote="129116225480000000" />
<file name="jquery.ui.autocomplete.css" server="C:/wamp/www/CTS/" local="129135797380000000" remote="129135797380000000" />
<file name="jquery.ui.button.css" server="C:/wamp/www/CTS/" local="129135797380000000" remote="129135797380000000" />
<file name="jquery.ui.dialog.css" server="C:/wamp/www/CTS/" local="129135797380000000" remote="129135797380000000" />
<file name="jquery.ui.slider.css" server="C:/wamp/www/CTS/" local="129116225480000000" remote="129116225480000000" />
<file name="jquery.ui.tabs.css" server="C:/wamp/www/CTS/" local="129116225480000000" remote="129116225480000000" />
<file name="jquery.ui.datepicker.css" server="C:/wamp/www/CTS/" local="129116225480000000" remote="129116225480000000" />
<file name="jquery.ui.progressbar.css" server="C:/wamp/www/CTS/" local="129116225480000000" remote="129116225480000000" />
<file name="jquery.ui.base.css" server="C:/wamp/www/CTS/" local="129164756240000000" remote="129164756240000000" />
<file name="jquery.ui.theme.css" server="C:/wamp/www/CTS/" local="129116225480000000" remote="129116225480000000" />
<file name="jquery.ui.all.css" server="C:/wamp/www/CTS/" local="129116225480000000" remote="129116225480000000" />
<file name="demos.css" server="C:/wamp/www/CTS/" local="128892648380000000" remote="128892648380000000" />
</dwsync>