<?xml version="1.0" encoding="utf-8" ?>
<dwsync>
<file name="config.php" server="C:/wamp/www/_192CTS/" local="129164766610625000" remote="129164766610000000" />
<file name="opendb.php" server="C:/wamp/www/_192CTS/" local="129072723440000000" remote="129072723440000000" />
<file name="getuser.php" server="C:/wamp/www/_192CTS/" local="129163856413437500" remote="129163856410000000" />
<file name="getuser_Aadmin.php" server="C:/wamp/www/_192CTS/" local="129163885858906250" remote="129163885850000000" />
<file name="getuser_Madmin.php" server="C:/wamp/www/_192CTS/" local="129163875690000000" remote="129163875690000000" />
<file name="getuser_stu.php" server="C:/wamp/www/_192CTS/" local="129163875417968750" remote="129163875410000000" />
<file name="userpanel.php" server="C:/wamp/www/_192CTS/" local="129161329825937500" remote="129161329820000000" />
<file name="config.php" server="C:/wamp/www/CTS/" local="129182688480000000" remote="129182688480000000" />
<file name="opendb.php" server="C:/wamp/www/CTS/" local="129072723440000000" remote="129072723440000000" />
<file name="welcome.php" server="C:/wamp/www/CTS/" local="129176651220000000" remote="129176651220000000" />
<file name="login.html" server="C:/wamp/www/CTS/" local="129159261980000000" remote="129159261980000000" />
<file name="AA_admin.php" server="C:/wamp/www/CTS/" local="129179213369843750" remote="129179213360000000" />
<file name="MA_admin.php" server="C:/wamp/www/CTS/" local="129179213652343750" remote="129179213650000000" />
<file name="DA_admin.php" server="C:/wamp/www/CTS/" local="129176653120000000" remote="129176653120000000" />
<file name="userpanel.php" server="C:/wamp/www/CTS/" local="129179213886406250" remote="129179213880000000" />
<file name="getuser.php" server="C:/wamp/www/CTS/" local="129178461288750000" remote="129178461280000000" />
<file name="exam_index.php" server="C:/wamp/www/CTS/" local="129179214785781250" remote="129179214780000000" />
<file name="not_allowed.php" server="C:/wamp/www/CTS/" local="129173950000000000" remote="129173950000000000" />
<file name="loginCheck.php" server="C:/wamp/www/CTS/" local="129181703420000000" remote="129181703420000000" />
</dwsync>