<?xml version="1.0" encoding="utf-8" ?>
<dwsync>
<file name="loading-bar-black.gif" server="C:/wamp/www/_192CTS/" local="128074261580000000" remote="128074261580000000" />
<file name="fleche1.png" server="C:/wamp/www/_192CTS/" local="128097571240000000" remote="128097571240000000" />
<file name="fleche1.gif" server="C:/wamp/www/_192CTS/" local="128097573280000000" remote="128097573280000000" />
<file name="fleche2.png" server="C:/wamp/www/_192CTS/" local="128097571140000000" remote="128097571140000000" />
<file name="fleche2.gif" server="C:/wamp/www/_192CTS/" local="128097573420000000" remote="128097573420000000" />
<file name="open.png" server="C:/wamp/www/_192CTS/" local="128097630540000000" remote="128097630540000000" />
<file name="open.gif" server="C:/wamp/www/_192CTS/" local="128097630400000000" remote="128097630400000000" />
<file name="carrow1.gif" server="C:/wamp/www/_192CTS/" local="128096022480000000" remote="128096022480000000" />
<file name="carrow2.gif" server="C:/wamp/www/_192CTS/" local="128096022360000000" remote="128096022360000000" />
<file name="loading-bar-black.gif" server="C:/wamp/www/CTS/" local="128074261580000000" remote="128074261580000000" />
<file name="fleche1.png" server="C:/wamp/www/CTS/" local="128097571240000000" remote="128097571240000000" />
<file name="fleche1.gif" server="C:/wamp/www/CTS/" local="128097573280000000" remote="128097573280000000" />
<file name="fleche2.png" server="C:/wamp/www/CTS/" local="128097571140000000" remote="128097571140000000" />
<file name="fleche2.gif" server="C:/wamp/www/CTS/" local="128097573420000000" remote="128097573420000000" />
<file name="open.png" server="C:/wamp/www/CTS/" local="128097630540000000" remote="128097630540000000" />
<file name="open.gif" server="C:/wamp/www/CTS/" local="128097630400000000" remote="128097630400000000" />
</dwsync>